{"vegas": {"1": {"1": {"delay": 9126.675, "loss": 0.11094549907685858, "tput": 0.5330736804020654}, "all": {"delay": 9126.675, "loss": 0.11094549907685858, "tput": 0.5330736804020654}}}, "bbr": {"1": {"1": {"delay": 6065.286, "loss": 0.21130209970144564, "tput": 0.3606712942796314}, "all": {"delay": 6065.286, "loss": 0.21130209970144564, "tput": 0.3606712942796314}}}, "cubic": {"1": {"1": {"delay": 9113.139, "loss": 0.2641210502339191, "tput": 0.5321925055820932}, "all": {"delay": 9113.139, "loss": 0.2641210502339191, "tput": 0.5321925055820932}}}}