{"bbr": {"1": {"1": {"delay": 29.14, "loss": 0.0006716782020182999, "tput": 8.946677588205405}, "all": {"delay": 29.14, "loss": 0.0006716782020182999, "tput": 8.946677588205405}}}, "cubic": {"1": {"1": {"delay": 1689.812, "loss": 0.03385665038337338, "tput": 11.995979335106298}, "all": {"delay": 1689.812, "loss": 0.03385665038337338, "tput": 11.995979335106298}}}}