{"bbr": {"1": {"1": {"delay": 23.269, "loss": 3.6772651659244815e-05, "tput": 10.879345516547707}, "all": {"delay": 23.269, "loss": 3.6772651659244815e-05, "tput": 10.879345516547707}}}, "cubic": {"1": {"1": {"delay": 1613.94, "loss": 0.043381936140598265, "tput": 11.99601245793326}, "all": {"delay": 1613.94, "loss": 0.043381936140598265, "tput": 11.99601245793326}}}}