{"vegas": {"1": {"1": {"delay": 1544.937, "loss": 0.0873609008628029, "tput": 0.5476048782761554}, "all": {"delay": 1544.937, "loss": 0.0873609008628029, "tput": 0.5476048782761554}}}, "bbr": {"1": {"1": {"delay": 1484.315, "loss": 0.09035254357803568, "tput": 0.46456249711495723}, "all": {"delay": 1484.315, "loss": 0.09035254357803568, "tput": 0.46456249711495723}}}, "cubic": {"1": {"1": {"delay": 1519.218, "loss": 0.11779633183216731, "tput": 0.6227391965043049}, "all": {"delay": 1519.218, "loss": 0.11779633183216731, "tput": 0.6227391965043049}}}}